Item Name;Item type;ItemKadala;DH;Monk;Barb;Cru;Wiz;WD;Necro
Ancestors' Grace;Amulet;Amulet;1,91;1,66;1,91;1,81;1,71;1,91;1,58
Blackthorne's Duncraig Cross;Amulet;Amulet;7,63;6,62;7,63;7,22;6,85;7,63;6,31
Countess Julia's Cameo;Amulet;Amulet;3,82;3,31;3,82;3,61;3,42;3,82;3,15
Dovu Energy Trap;Amulet;Amulet;3,82;3,31;3,82;3,61;3,42;3,82;3,15
Eye of Etlich;Amulet;Amulet;7,63;6,62;7,63;7,22;6,85;7,63;6,31
Halcyon's Ascent;Amulet;Amulet;7,63;6,62;7,63;7,22;6,85;7,63;6,31
Haunt of Vaxo;Amulet;Amulet;3,82;3,31;3,82;3,61;3,42;3,82;3,15
Haunted Visions;Amulet;Amulet;0;0;0;0;0;0;6,31
Holy Beacon;Amulet;Amulet;0;6,62;0;0;0;0;0
Kymbo's Gold;Amulet;Amulet;7,63;6,62;7,63;7,22;6,85;7,63;6,31
Mara's Kaleidoscope;Amulet;Amulet;1,91;1,66;1,91;1,81;1,71;1,91;1,58
Moonlight Ward;Amulet;Amulet;0;0;0;0;3,42;0;0
Ouroboros;Amulet;Amulet;7,63;6,62;7,63;7,22;6,85;7,63;6,31
Rakoff's Glass of Life;Amulet;Amulet;7,63;6,62;7,63;7,22;6,85;7,63;6,31
Rondal's Locket;Amulet;Amulet;7,63;6,62;7,63;7,22;6,85;7,63;6,31
Squirt's Necklace;Amulet;Amulet;7,63;6,62;7,63;7,22;6,85;7,63;6,31
Sunwuko's Shines;Amulet;Amulet;0;6,62;0;0;0;0;0
Tal Rasha's Allegiance;Amulet;Amulet;0;0;0;0;6,85;0;0
Talisman of Akkhan;Amulet;Amulet;0;0;0;5,42;0;0;0
Talisman of Aranoch;Amulet;Amulet;1,91;1,66;1,91;1,81;1,71;1,91;1,58
The Ess of Johan;Amulet;Amulet;3,82;3,31;3,82;3,61;3,42;3,82;3,15
The Flavor of Time;Amulet;Amulet;7,63;6,62;7,63;7,22;6,85;7,63;6,31
The Johnstone;Amulet;Amulet;0;0;0;0;0;0;4,73
The Star of Azkaranth;Amulet;Amulet;0,76;0,66;0,76;0,72;0,68;0,76;0,63
The Traveler's Pledge;Amulet;Amulet;7,63;6,62;7,63;7,22;6,85;7,63;6,31
Wisdom of Kalan;Amulet;Amulet;0;0;0;0;0;0;6,31
Xephirian Amulet;Amulet;Amulet;1,91;1,66;1,91;1,81;1,71;1,91;1,58
Flesh Tearer;Axe;1H;0;18,18;18,18;18,18;18,18;15,38;22,22
Genzaniku;Axe;1H;0;18,18;18,18;18,18;18,18;15,38;22,22
Hack;Axe;1H;0;9,09;9,09;9,09;9,09;7,69;11,11
Mordullu's Promise;Axe;1H;0;0;0;0;0;15,38;0
Sky Splitter;Axe;1H;0;18,18;18,18;18,18;18,18;15,38;22,22
The Burning Axe of Sankis;Axe;1H;0;18,18;18,18;18,18;18,18;15,38;0
The Butcher's Sickle;Axe;1H;0;18,18;18,18;18,18;18,18;15,38;22,22
Butcher's Carver;Two-Handed Axe;2H;0;25;25;25;25;25;25
Messerschmidt's Reaver;Two-Handed Axe;2H;0;25;25;25;25;25;25
Skorn;Two-Handed Axe;2H;0;25;25;25;25;25;25
The Executioner;Two-Handed Axe;2H;0;25;25;25;25;25;25
Chilanik's Chain;Mighty Belt;Belt;0;0;15,38;0;0;0;0
Dread Iron;Mighty Belt;Belt;0;0;15,38;0;0;0;0
Girdle of Giants;Mighty Belt;Belt;0;0;15,38;0;0;0;0
Immortal King's Tribal Binding;Mighty Belt;Belt;0;0;15,38;0;0;0;0
Lamentation;Mighty Belt;Belt;0;0;15,38;0;0;0;0
Pride of Cassius;Mighty Belt;Belt;0;0;7,69;0;0;0;0
The Undisputed Champion;Mighty Belt;Belt;0;0;15,38;0;0;0;0
Arachyr's Stride;Boots;Boots;0;0;0;0;0;13,79;0
Blackthorne's Spurs;Boots;Boots;13,79;12,12;12,9;13,79;13,79;13,79;10,81
Bryner's Journey;Boots;Boots;0;0;0;0;0;0;10,81
Eight-Demon Boots (Raiment of a Thousand Storms);Boots;Boots;0;12,12;0;0;0;0;0
Fire Walkers;Boots;Boots;13,79;12,12;12,9;13,79;13,79;13,79;10,81
Firebird's Tarsi;Boots;Boots;0;0;0;0;13,79;0;0
Foundation of the Earth;Boots;Boots;0;0;12,9;0;0;0;0
Foundation of the Light;Boots;Boots;0;0;0;13,79;0;0;0
Hell Walkers (Unhallowed Essence);Boots;Boots;13,79;0;0;0;0;0;0
Helltooth Greaves;Boots;Boots;0;0;0;0;0;13,79;0
Ice Climbers;Boots;Boots;3,45;3,03;3,23;3,45;3,45;3,45;2,7
Immortal King's Stride;Boots;Boots;0;0;12,9;0;0;0;0
Inarius's Perseverance;Boots;Boots;0;0;0;0;0;0;10,81
Inna's Sandals;Boots;Boots;0;12,12;0;0;0;0;0
Irontoe Mudsputters;Boots;Boots;13,79;12,12;12,9;13,79;13,79;13,79;10,81
Jade Harvester's Swiftness;Boots;Boots;0;0;0;0;0;13,79;0
Lut Socks;Boots;Boots;0;0;6,45;0;0;0;0
Marauder's Treads;Boots;Boots;13,79;0;0;0;0;0;0
Natalya's Bloody Footprints;Boots;Boots;13,79;0;0;0;0;0;0
Nilfur's Boast;Boots;Boots;0;0;0;0;13,79;0;0
Pestilence Battle Boots;Boots;Boots;0;0;0;0;0;0;10,81
Raekor's Striders;Boots;Boots;0;0;12,9;0;0;0;0
Rathma's Ossified Sabatons;Boots;Boots;0;0;0;0;0;0;10,81
Rivera Dancers;Boots;Boots;0;12,12;0;0;0;0;0
Roland's Stride;Boots;Boots;0;0;0;13,79;0;0;0
Sabaton of the Wastes;Boots;Boots;0;0;12,9;0;0;0;0
Sabatons of Akkhan;Boots;Boots;0;0;0;13,79;0;0;0
Steuart's Greaves;Boots;Boots;0;0;0;0;0;0;10,81
Striders of Destiny (Delsere's Magnum Opus);Boots;Boots;0;0;0;0;13,79;0;0
The Crudest Boots;Boots;Boots;0;12,12;0;0;0;0;0
The Shadow's Heels;Boots;Boots;13,79;0;0;0;0;0;0
Trag'Oul's Stalwart Greaves;Boots;Boots;0;0;0;0;0;0;10,81
Uliana's Destiny;Boots;Boots;0;12,12;0;0;0;0;0
Vyr's Swaggering Stance;Boots;Boots;0;0;0;0;13,79;0;0
Zeal of the Invoker;Boots;Boots;0;0;0;13,79;0;0;0
Zunimassa's Trail;Boots;Boots;0;0;0;0;0;13,79;0
Cluckeye;Bow;2H;13,79;0;0;0;0;0;0
Etrayu;Bow;2H;6,9;0;0;0;0;0;0
Kridershot;Bow;2H;3,45;0;0;0;0;0;0
Leonine Bow of Hashir;Bow;2H;13,79;0;0;0;0;0;0
Odyssey's End;Bow;2H;13,79;0;0;0;0;0;0
The Raven's Wing;Bow;2H;13,79;0;0;0;0;0;0
Uskang;Bow;2H;6,9;0;0;0;0;0;0
Windforce;Bow;2H;13,79;0;0;0;0;0;0
Yang's Recurve;Bow;2H;13,79;0;0;0;0;0;0
Akkhan's Manacles;Bracers;Bracers;0;0;0;10,26;0;0;0
Ancient Parthan Defenders;Bracers;Bracers;7,41;5,13;5,71;5,13;7,41;6,45;10,53
Ashnagarr's Blood Bracer;Bracers;Bracers;0;0;0;0;14,81;0;0
Bindings of the Lesser Gods;Bracers;Bracers;0;10,26;0;0;0;0;0
Bracer of Fury;Bracers;Bracers;0;0;0;10,26;0;0;0
Bracers of Destruction;Bracers;Bracers;0;0;11,43;0;0;0;0
Bracers of the First Men;Bracers;Bracers;0;0;11,43;0;0;0;0
Cesar's Memento;Bracers;Bracers;0;10,26;0;0;0;0;0
Coils of the First Spider;Bracers;Bracers;0;0;0;0;0;12,9;0
Custerian Wristguards;Bracers;Bracers;14,81;10,26;11,43;10,26;14,81;12,9;21,05
Drakon's Lesson;Bracers;Bracers;0;0;0;10,26;0;0;0
Gabriel's Vambraces;Bracers;Bracers;0;0;0;10,26;0;0;0
Gungdo Gear;Bracers;Bracers;0;10,26;0;0;0;0;0
Jeram's Bracers;Bracers;Bracers;0;0;0;0;0;12,9;0
Krelm's Buff Bracers;Bracers;Bracers;14,81;10,26;11,43;10,26;14,81;12,9;21,05
Lacuni Prowlers;Bracers;Bracers;3,7;2,56;2,86;2,56;3,7;3,23;5,26
Lakumba's Ornament;Bracers;Bracers;0;0;0;0;0;12,9;0
Nemesis Bracers;Bracers;Bracers;7,41;5,13;5,71;5,13;7,41;6,45;10,53
Pinto's Pride;Bracers;Bracers;0;10,26;0;0;0;0;0
Promise of Glory;Bracers;Bracers;7,41;5,13;5,71;5,13;7,41;6,45;10,53
Ranslor's Folly;Bracers;Bracers;0;0;0;0;14,81;0;0
Shackles of the Invoker;Bracers;Bracers;0;0;0;10,26;0;0;0
Skular's Salvation;Bracers;Bracers;0;0;11,43;0;0;0;0
Spirit Guards;Bracers;Bracers;0;10,26;0;0;0;0;0
Strongarm Bracers;Bracers;Bracers;7,41;5,13;5,71;5,13;7,41;6,45;10,53
Trag'Oul Coils;Bracers;Bracers;14,81;0;0;0;0;0;0
Vambraces of Sescheron;Bracers;Bracers;0;0;11,43;0;0;0;0
Warzechian Armguards;Bracers;Bracers;7,41;5,13;5,71;5,13;7,41;6,45;10,53
Wraps of Clarity;Bracers;Bracers;14,81;0;0;0;0;0;0
Anessazi Edge;Ceremonial Knife;1H;0;0;0;0;0;5,88;0
Deadly Rebirth;Ceremonial Knife;1H;0;0;0;0;0;11,76;0
Last Breath;Ceremonial Knife;1H;0;0;0;0;0;11,76;0
Manajuma's Carving Knife;Ceremonial Knife;1H;0;0;0;0;0;11,76;0
Rhen'ho Flayer;Ceremonial Knife;1H;0;0;0;0;0;5,88;0
Sacred Harvester;Ceremonial Knife;1H;0;0;0;0;0;5,88;0
Starmetal Kukri;Ceremonial Knife;1H;0;0;0;0;0;2,94;0
The Barber;Ceremonial Knife;1H;0;0;0;0;0;8,82;0
The Dagger of Darts;Ceremonial Knife;1H;0;0;0;0;0;5,88;0
The Gidbinn;Ceremonial Knife;1H;0;0;0;0;0;11,76;0
The Spider Queen's Grasp;Ceremonial Knife;1H;0;0;0;0;0;5,88;0
Voo's Juicer;Ceremonial Knife;1H;0;0;0;0;0;11,76;0
Aquila Cuirass;Chest Armor;ChestArmor;10,53;8,7;8,7;9,09;8,7;8,7;8
Arachyr's Carapace;Chest Armor;ChestArmor;0;0;0;0;0;8,7;0
Armor of the Kind Regent;Chest Armor;ChestArmor;0;0;0;4,55;0;0;0
Blackthorne's Surcoat;Chest Armor;ChestArmor;10,53;8,7;8,7;9,09;8,7;8,7;8
Bloodsong Mail;Chest Armor;ChestArmor;0;0;0;0;0;0;4
Breastplate of Akkhan;Chest Armor;ChestArmor;0;0;0;9,09;0;0;0
Chaingmail;Chest Armor;ChestArmor;10,53;8,7;8,7;9,09;8,7;8,7;8
Cindercoat;Chest Armor;ChestArmor;5,26;4,35;4,35;4,55;4,35;4,35;0
Cuirass of the Wastes;Chest Armor;ChestArmor;0;0;8,7;0;0;0;0
Firebird's Breast;Chest Armor;ChestArmor;0;0;0;0;8,7;0;0
Goldskin;Chest Armor;ChestArmor;10,53;8,7;8,7;9,09;8,7;8,7;8
Harness of Truth (Delsere's Magnum Opus);Chest Armor;ChestArmor;0;0;0;0;8,7;0;0
Heart of Iron;Chest Armor;ChestArmor;10,53;8,7;8,7;9,09;8,7;8,7;8
Heart of the Crashing Wave (Raiment of a Thousand Storms);Chest Armor;ChestArmor;0;8,7;0;0;0;0;0
Heart of the Light;Chest Armor;ChestArmor;0;0;0;9,09;0;0;0
Helltooth Tunic;Chest Armor;ChestArmor;0;0;0;0;0;8,7;0
Immortal King's Eternal Reign;Chest Armor;ChestArmor;0;0;8,7;0;0;0;0
Inarius's Conviction;Chest Armor;ChestArmor;0;0;0;0;0;0;8
Inna's Vast Expanse;Chest Armor;ChestArmor;0;8,7;0;0;0;0;0
Jade Harvester's Peace;Chest Armor;ChestArmor;0;0;0;0;0;8,7;0
Marauder's Carapace;Chest Armor;ChestArmor;10,53;0;0;0;0;0;0
Pestilence Robe;Chest Armor;ChestArmor;0;0;0;0;0;0;8
Raekor's Heart;Chest Armor;ChestArmor;0;0;8,7;0;0;0;0
Rathma's Ribcage Plate;Chest Armor;ChestArmor;0;0;0;0;0;0;8
Requiem Cereplate;Chest Armor;ChestArmor;0;0;0;0;0;0;8
Roland's Bearing;Chest Armor;ChestArmor;0;0;0;9,09;0;0;0
Shi Mizu's Haori;Chest Armor;ChestArmor;10,53;8,7;8,7;9,09;8,7;8,7;8
Spirit of the Earth;Chest Armor;ChestArmor;0;0;8,7;0;0;0;0
Sunwuko's Soul;Chest Armor;ChestArmor;0;8,7;0;0;0;0;0
Tal Rasha's Relentless Pursuit;Chest Armor;ChestArmor;0;0;0;0;8,7;0;0
The Shadow's Bane;Chest Armor;ChestArmor;10,53;0;0;0;0;0;0
Trag'Oul's Scales;Chest Armor;ChestArmor;0;0;0;0;0;0;8
Tyrael's Might;Chest Armor;ChestArmor;10,53;8,7;8,7;9,09;8,7;8,7;8
Uliana's Heart;Chest Armor;ChestArmor;0;8,7;0;0;0;0;0
Vyr's Astonishing Aura;Chest Armor;ChestArmor;0;0;0;0;8,7;0;0
Zunimassa's Marrow;Chest Armor;ChestArmor;0;0;0;0;0;8,7;0
Beckon Sail;Cloak;ChestArmor;16,67;0;0;0;0;0;0
Blackfeather;Cloak;ChestArmor;16,67;0;0;0;0;0;0
Cage of the Hellborn (Unhallowed Essence);Cloak;ChestArmor;16,67;0;0;0;0;0;0
Cape of the Dark Night;Cloak;ChestArmor;16,67;0;0;0;0;0;0
Natalya's Embrace;Cloak;ChestArmor;16,67;0;0;0;0;0;0
The Cloak of the Garwulf;Cloak;ChestArmor;16,67;0;0;0;0;0;0
Balance;Daibo;2H;0;13,33;0;0;0;0;0
Flying Dragon;Daibo;2H;0;13,33;0;0;0;0;0
Incense Torch of the Grand Temple;Daibo;2H;0;13,33;0;0;0;0;0
Inna's Reach;Daibo;2H;0;13,33;0;0;0;0;0
Staff of Kyro;Daibo;2H;0;13,33;0;0;0;0;0
The Flow of Eternity;Daibo;2H;0;13,33;0;0;0;0;0
The Paddle;Daibo;2H;0;13,33;0;0;0;0;0
Warstaff of General Quang;Daibo;2H;0;6,67;0;0;0;0;0
Bakkan Caster;Crossbow;2H;14,29;0;0;0;0;0;0
Buriza-Do Kyanon;Crossbow;2H;14,29;0;0;0;0;0;0
Chanon Bolter;Crossbow;2H;7,14;0;0;0;0;0;0
Demon Machine;Crossbow;2H;14,29;0;0;0;0;0;0
Hellrack;Crossbow;2H;14,29;0;0;0;0;0;0
Manticore;Crossbow;2H;14,29;0;0;0;0;0;0
Pus Spitter;Crossbow;2H;14,29;0;0;0;0;0;0
Wojahnni Assaulter;Crossbow;2H;7,14;0;0;0;0;0;0
Akarat's Awakening;Crusader Shield;Shield;0;0;0;2,56;0;0;0
Frydehr's Wrath;Crusader Shield;Shield;0;0;0;10,26;0;0;0
Guard of Johanna;Crusader Shield;Shield;0;0;0;10,26;0;0;0
Hallowed Bulwark;Crusader Shield;Shield;0;0;0;10,26;0;0;0
Hellskull;Crusader Shield;Shield;0;0;0;5,13;0;0;0
Jekangbord;Crusader Shield;Shield;0;0;0;10,26;0;0;0
Shield of Fury;Crusader Shield;Shield;0;0;0;10,26;0;0;0
Shield of the Steed;Crusader Shield;Shield;0;0;0;10,26;0;0;0
Sublime Conviction;Crusader Shield;Shield;0;0;0;10,26;0;0;0
The Final Witness;Crusader Shield;Shield;0;0;0;10,26;0;0;0
Unrelenting Phalanx;Crusader Shield;Shield;0;0;0;10,26;0;0;0
Eun-jang-do;Dagger;1H;0;33,33;33,33;33,33;25;33,33;33,33
Karlei's Point;Dagger;1H;50;0;0;0;0;0;0
Lord Greenstone's Fan;Dagger;1H;50;0;0;0;0;0;0
Pig Sticker;Dagger;1H;0;66,67;66,67;66,67;50;66,67;66,67
Wizardspike;Dagger;1H;0;0;0;0;25;0;0
Crystal Fist;Fist Weapon;1H;0;7,69;0;0;0;0;0
Fleshrake;Fist Weapon;1H;0;7,69;0;0;0;0;0
Jawbreaker;Fist Weapon;1H;0;3,85;0;0;0;0;0
Kyoshiro's Blade;Fist Weapon;1H;0;7,69;0;0;0;0;0
Lion's Claw;Fist Weapon;1H;0;7,69;0;0;0;0;0
Logan's Claw;Fist Weapon;1H;0;7,69;0;0;0;0;0
Rabid Strike;Fist Weapon;1H;0;7,69;0;0;0;0;0
Scarbringer;Fist Weapon;1H;0;7,69;0;0;0;0;0
Shenlong's Fist of Legend;Fist Weapon;1H;0;7,69;0;0;0;0;0
Shenlong's Relentless Assault;Fist Weapon;1H;0;7,69;0;0;0;0;0
Sledge Fist;Fist Weapon;1H;0;7,69;0;0;0;0;0
The Fist of Az'Turrasq;Fist Weapon;1H;0;3,85;0;0;0;0;0
Vengeful Wind;Fist Weapon;1H;0;7,69;0;0;0;0;0
Won Khim Lau;Fist Weapon;1H;0;7,69;0;0;0;0;0
Darklight;Flail;1H;0;0;0;14,29;0;0;0
Gyrfalcon's Foote;Flail;1H;0;0;0;14,29;0;0;0
Inviolable Faith;Flail;1H;0;0;0;14,29;0;0;0
Johanna's Argument;Flail;1H;0;0;0;14,29;0;0;0
Justinian's Mercy;Flail;1H;0;0;0;14,29;0;0;0
Kassar's Retribution;Flail;1H;0;0;0;14,29;0;0;0
Swiftmount;Flail;1H;0;0;0;14,29;0;0;0
Akkhan's Addendum;Two-Handed Flail;2H;0;0;0;14,29;0;0;0
Akkhan's Leniency;Two-Handed Flail;2H;0;0;0;14,29;0;0;0
Baleful Remnant;Two-Handed Flail;2H;0;0;0;7,14;0;0;0
Fate of the Fell;Two-Handed Flail;2H;0;0;0;14,29;0;0;0
Flail of the Ascended;Two-Handed Flail;2H;0;0;0;14,29;0;0;0
Flail of the Charge;Two-Handed Flail;2H;0;0;0;14,29;0;0;0
Golden Flense;Two-Handed Flail;2H;0;0;0;7,14;0;0;0
The Mortal Drama;Two-Handed Flail;2H;0;0;0;14,29;0;0;0
Angel Hair Braid;Belt;Belt;0;0;0;3,39;0;0;0
Bakuli Jungle Wraps;Belt;Belt;0;0;0;0;0;2,08;0
Belt of the Trove;Belt;Belt;0;0;0;6,78;0;0;0
Belt of Transcendence;Belt;Belt;0;0;0;0;0;4,17;0
Binding of the Lost;Belt;Belt;0;8,16;0;0;0;0;0
Blackthorne's Notched Belt;Belt;Belt;6,78;8,16;9,76;6,78;7,02;8,33;9,76
Blessed of Haull;Belt;Belt;0;0;0;6,78;0;0;0
Chain of Shadows;Belt;Belt;6,78;0;0;0;0;0;0
Cord of the Sherma;Belt;Belt;6,78;8,16;9,76;6,78;7,02;8,33;9,76
Crashing Rain;Belt;Belt;6,78;0;0;0;0;0;0
Dayntee's Binding;Belt;Belt;0;0;0;0;0;0;9,76
Fazula's Improbable Chain;Belt;Belt;0;0;0;0;7,02;0;0
Goldwrap;Belt;Belt;6,78;8,16;9,76;6,78;7,02;8,33;9,76
Harrington Waistguard;Belt;Belt;3,39;4,08;4,88;3,39;3,51;4,17;4,88
Haunting Girdle;Belt;Belt;0;0;0;0;0;8,33;0
Hellcat Waistguard;Belt;Belt;3,39;0;0;0;0;0;0
Hergbrash's Binding;Belt;Belt;0;0;0;0;7,02;0;0
Hunter's Wrath;Belt;Belt;6,78;0;0;0;0;0;0
Hwoj Wrap;Belt;Belt;0;0;0;0;0;8,33;0
Inna's Favor;Belt;Belt;0;8,16;0;0;0;0;0
Jang's Envelopment;Belt;Belt;0;0;0;0;7,02;0;0
Khassett’s Cord of Righteousness;Belt;Belt;0;0;0;6,78;0;0;0
Krelm's Buff Belt;Belt;Belt;6,78;8,16;9,76;6,78;7,02;8,33;9,76
Kyoshiro's Soul;Belt;Belt;0;8,16;0;0;0;0;0
Omnislash;Belt;Belt;0;0;0;6,78;0;0;0
Omryn's Chain;Belt;Belt;6,78;0;0;0;0;0;0
Razor Strop;Belt;Belt;3,39;4,08;4,88;3,39;3,51;4,17;4,88
Sacred Harness;Belt;Belt;0;0;0;6,78;0;0;0
Saffron Wrap;Belt;Belt;0;0;9,76;0;0;0;0
Sash of Knives;Belt;Belt;6,78;8,16;9,76;6,78;7,02;8,33;9,76
Sebor's Nightmare;Belt;Belt;3,39;4,08;4,88;3,39;3,51;4,17;4,88
String of Ears;Belt;Belt;3,39;4,08;4,88;3,39;3,51;4,17;4,88
Tal Rasha's Brace;Belt;Belt;0;0;0;0;7,02;0;0
The Shame of Delsere;Belt;Belt;0;0;0;0;7,02;0;0
The Witching Hour;Belt;Belt;1,69;2,04;2,44;1,69;1,75;2,08;2,44
Thundergod's Vigor;Belt;Belt;6,78;8,16;9,76;6,78;7,02;8,33;9,76
Vigilante Belt;Belt;Belt;6,78;8,16;9,76;6,78;7,02;8,33;9,76
Zoey's Secret;Belt;Belt;6,78;0;0;0;0;0;0
Arachyr's Claws;Gloves;Gloves;0;0;0;0;0;12,12;0
Fiendish Grips (Unhallowed Essence);Gloves;Gloves;12,12;0;0;0;0;0;0
Fierce Gauntlets (Delsere's Magnum Opus);Gloves;Gloves;0;0;0;0;12,12;0;0
Firebird's Talons;Gloves;Gloves;0;0;0;0;12,12;0;0
Fists of Thunder (Raiment of a Thousand Storms);Gloves;Gloves;0;12,12;0;0;0;0;0
Frostburn;Gloves;Gloves;12,12;12,12;10,81;10,81;12,12;12,12;10
Gauntlet of the Wastes;Gloves;Gloves;0;0;10,81;0;0;0;0
Gauntlets of Akkhan;Gloves;Gloves;0;0;0;10,81;0;0;0
Gladiator Gauntlets;Gloves;Gloves;12,12;12,12;10,81;10,81;12,12;12,12;10
Grasps of Essence;Gloves;Gloves;0;0;0;0;0;0;10
Helltooth Gauntlets;Gloves;Gloves;0;0;0;0;0;12,12;0
Immortal King's Irons;Gloves;Gloves;0;0;10,81;0;0;0;0
Inarius's Will;Gloves;Gloves;0;0;0;0;0;0;10
Inna's Hold;Gloves;Gloves;0;12,12;0;0;0;0;0
Jade Harvester's Mercy;Gloves;Gloves;0;0;0;0;0;12,12;0
Magefist;Gloves;Gloves;12,12;12,12;10,81;10,81;12,12;12,12;10
Marauder's Gloves;Gloves;Gloves;12,12;0;0;0;0;0;0
Moribund Gauntlets;Gloves;Gloves;0;0;0;0;0;0;7,5
Natalya's Touch;Gloves;Gloves;12,12;0;0;0;0;0;0
Pestilence Gloves;Gloves;Gloves;0;0;0;0;0;0;10
Pride of the Invoker;Gloves;Gloves;0;0;0;10,81;0;0;0
Pull of the Earth;Gloves;Gloves;0;0;10,81;0;0;0;0
Raekor's Wraps;Gloves;Gloves;0;0;10,81;0;0;0;0
Rathma's Macabre Vambraces;Gloves;Gloves;0;0;0;0;0;0;10
Roland's Grasp;Gloves;Gloves;0;0;0;10,81;0;0;0
St. Archew's Gage;Gloves;Gloves;12,12;12,12;10,81;10,81;12,12;12,12;10
Stone Gauntlets;Gloves;Gloves;0;0;10,81;10,81;0;0;0
Sunwuko's Paws;Gloves;Gloves;0;12,12;0;0;0;0;0
Tal Rasha's Grasp;Gloves;Gloves;0;0;0;0;12,12;0;0
Tasker and Theo;Gloves;Gloves;3,03;3,03;2,7;2,7;3,03;3,03;2,5
The Shadow's Grasp;Gloves;Gloves;12,12;0;0;0;0;0;0
Trag'Oul's Claws;Gloves;Gloves;0;0;0;0;0;0;10
Uliana's Fury;Gloves;Gloves;0;12,12;0;0;0;0;0
Vyr's Grasping Gauntlets;Gloves;Gloves;0;0;0;0;12,12;0;0
Will of the Light;Gloves;Gloves;0;0;0;10,81;0;0;0
Zunimassa's Finger Wraps;Gloves;Gloves;0;0;0;0;0;12,12;0
Balefire Caster;Hand Crossbow;1H;5,56;0;0;0;0;0;0
Calamity;Hand Crossbow;1H;5,56;0;0;0;0;0;0
Danetta's Revenge;Hand Crossbow;1H;11,11;0;0;0;0;0;0
Danetta's Spite;Hand Crossbow;1H;11,11;0;0;0;0;0;0
Dawn;Hand Crossbow;1H;11,11;0;0;0;0;0;0
Fortress Ballista;Hand Crossbow;1H;11,11;0;0;0;0;0;0
K'mar Tenclip;Hand Crossbow;1H;5,56;0;0;0;0;0;0
Lianna's Wings;Hand Crossbow;1H;11,11;0;0;0;0;0;0
Natalya's Slayer;Hand Crossbow;1H;11,11;0;0;0;0;0;0
The Demon's Demise;Hand Crossbow;1H;11,11;0;0;0;0;0;0
Valla's Bequest;Hand Crossbow;1H;5,56;0;0;0;0;0;0
Accursed Visage (Unhallowed Essence);Helm;Helm;9,52;0;0;0;0;0;0
Andariel's Visage;Helm;Helm;4,76;5,88;5;4,76;5,26;5,88;4,55
Arachyr's Visage;Helm;Helm;0;0;0;0;0;11,76;0
Blind Faith;Helm;Helm;9,52;11,76;10;9,52;10,53;11,76;9,09
Broken Crown;Helm;Helm;9,52;11,76;10;9,52;10,53;11,76;9,09
Crown of the Invoker;Helm;Helm;0;0;0;9,52;0;0;0
Crown of the Light;Helm;Helm;0;0;0;9,52;0;0;0
Deathseer's Cowl;Helm;Helm;9,52;11,76;10;9,52;10,53;11,76;9,09
Eyes of the Earth;Helm;Helm;0;0;10;0;0;0;0
Fate's Vow;Helm;Helm;0;0;0;0;0;0;6,82
Firebird's Plume;Helm;Helm;0;0;0;0;10,53;0;0
Helltooth Mask;Helm;Helm;0;0;0;0;0;11,76;0
Helm of Akkhan;Helm;Helm;0;0;0;9,52;0;0;0
Helm of the Wastes;Helm;Helm;0;0;10;0;0;0;0
Immortal King's Triumph;Helm;Helm;0;0;10;0;0;0;0
Inarius's Understanding;Helm;Helm;0;0;0;0;0;0;9,09
Jade Harvester's Wisdom;Helm;Helm;0;0;0;0;0;11,76;0
Leoric's Crown;Helm;Helm;9,52;11,76;10;9,52;10,53;11,76;9,09
Marauder's Visage;Helm;Helm;9,52;0;0;0;0;0;0
Mask of Scarlet Death;Helm;Helm;0;0;0;0;0;0;6,82
Mask of the Searing Sky (Raiment of a Thousand Storms);Helm;Helm;0;11,76;0;0;0;0;0
Mempo of Twilight;Helm;Helm;9,52;11,76;10;9,52;10,53;11,76;9,09
Natalya's Sight;Helm;Helm;9,52;0;0;0;0;0;0
Pestilence Mask;Helm;Helm;0;0;0;0;0;0;9,09
Raekor's Will;Helm;Helm;0;0;10;0;0;0;0
Rathma's Skull Helm;Helm;Helm;0;0;0;0;0;0;9,09
Roland's Visage;Helm;Helm;0;0;0;9,52;0;0;0
Shrouded Mask (Delsere's Magnum Opus);Helm;Helm;0;0;0;0;10,53;0;0
Skull of Resonance;Helm;Helm;0;0;5;0;0;0;0
Sunwuko's Crown;Helm;Helm;0;11,76;0;0;0;0;0
Tal Rasha's Guise of Wisdom;Helm;Helm;0;0;0;0;10,53;0;0
The Shadow's Mask;Helm;Helm;9,52;0;0;0;0;0;0
Trag'Oul's Guise;Helm;Helm;0;0;0;0;0;0;9,09
Uliana's Spirit;Helm;Helm;0;11,76;0;0;0;0;0
Visage of Gunes;Helm;Helm;9,52;0;0;0;0;0;0
Vyr's Sightless Skull;Helm;Helm;0;0;0;0;10,53;0;0
Warhelm of Kassar;Helm;Helm;0;0;0;9,52;0;0;0
Arachyr's Legs;Pants;Legs;0;0;0;0;0;12,9;0
Blackthorne's Jousting Mail;Pants;Legs;14,81;14,81;14,81;12,9;14,81;12,9;11,43
Cuisses of Akkhan;Pants;Legs;0;0;0;12,9;0;0;0
Defiler Cuisses;Pants;Legs;0;0;0;0;0;0;11,43
Depth Diggers;Pants;Legs;14,81;14,81;14,81;12,9;14,81;12,9;11,43
Firebird's Down;Pants;Legs;0;0;0;0;14,81;0;0
Golemskin Breeches;Pants;Legs;0;0;0;0;0;0;11,43
Hammer Jammers;Pants;Legs;0;0;0;12,9;0;0;0
Helltooth Leg Guards;Pants;Legs;0;0;0;0;0;12,9;0
Hexing Pants of Mr. Yan;Pants;Legs;3,7;3,7;3,7;3,23;3,7;3,23;2,86
Immortal King's Stature;Pants;Legs;0;0;14,81;0;0;0;0
Inarius's Reticence;Pants;Legs;0;0;0;0;0;0;11,43
Inna's Temperance;Pants;Legs;0;14,81;0;0;0;0;0
Jade Harvester's Courage;Pants;Legs;0;0;0;0;0;12,9;0
Leg Guards of Mystery (Delsere's Magnum Opus);Pants;Legs;0;0;0;0;14,81;0;0
Marauder's Encasement;Pants;Legs;14,81;0;0;0;0;0;0
Natalya's Leggings;Pants;Legs;14,81;0;0;0;0;0;0
Pestilence Incantations;Pants;Legs;0;0;0;0;0;0;11,43
Pox Faulds;Pants;Legs;7,41;7,41;7,41;6,45;7,41;6,45;5,71
Raekor's Breeches;Pants;Legs;0;0;14,81;0;0;0;0
Rathma's Skeletal Legplates;Pants;Legs;0;0;0;0;0;0;11,43
Renewal of the Invoker;Pants;Legs;0;0;0;12,9;0;0;0
Roland's Determination;Pants;Legs;0;0;0;12,9;0;0;0
Scales of the Dancing Serpent (Raiment of a Thousand Storms);Pants;Legs;0;14,81;0;0;0;0;0
Sunwuko's Leggings;Pants;Legs;0;14,81;0;0;0;0;0
Swamp Land Waders;Pants;Legs;0;0;0;0;0;12,9;0
Tal Rasha's Stride;Pants;Legs;0;0;0;0;14,81;0;0
Tasset of the Wastes;Pants;Legs;0;0;14,81;0;0;0;0
The Shadow's Coil;Pants;Legs;14,81;0;0;0;0;0;0
Towers of the Light;Pants;Legs;0;0;0;12,9;0;0;0
Trag'Oul's Hide;Pants;Legs;0;0;0;0;0;0;11,43
Uliana's Burden;Pants;Legs;0;14,81;0;0;0;0;0
Unholy Plates (Unhallowed Essence);Pants;Legs;14,81;0;0;0;0;0;0
Vyr's Fantastic Finery;Pants;Legs;0;0;0;0;14,81;0;0
Weight of the Earth;Pants;Legs;0;0;14,81;0;0;0;0
Zunimassa's Cloth;Pants;Legs;0;0;0;0;0;12,9;0
Echoing Fury;Mace;1H;0;13,33;13,33;11,76;13,33;15,38;15,38
Jace's Hammer of Vigilance;Mace;1H;0;0;0;11,76;0;0;0
Nailbiter;Mace;1H;0;13,33;13,33;11,76;13,33;15,38;15,38
Neanderthal;Mace;1H;0;13,33;13,33;11,76;13,33;15,38;15,38
Nutcracker;Mace;1H;0;13,33;13,33;11,76;13,33;15,38;15,38
Odyn Son;Mace;1H;0;13,33;13,33;11,76;13,33;0;0
Solanium;Mace;1H;0;6,67;6,67;5,88;6,67;7,69;7,69
Sun Keeper;Mace;1H;0;13,33;13,33;11,76;13,33;15,38;15,38
Telranden's Hand;Mace;1H;0;13,33;13,33;11,76;13,33;15,38;15,38
Arthef's Spark of Life;Two-Handed Mace;2H;0;21,05;21,05;17,39;21,05;26,67;21,05
Crushbane;Two-Handed Mace;2H;0;21,05;21,05;17,39;21,05;26,67;21,05
Schaefer's Hammer;Two-Handed Mace;2H;0;21,05;21,05;17,39;21,05;0;21,05
Skywarden;Two-Handed Mace;2H;0;0;0;17,39;0;0;0
Sledge of Athskeleng;Two-Handed Mace;2H;0;21,05;21,05;17,39;21,05;26,67;21,05
The Furnace;Two-Handed Mace;2H;0;5,26;5,26;4,35;5,26;6,67;5,26
Wrath of the Bone King;Two-Handed Mace;2H;0;10,53;10,53;8,7;10,53;13,33;10,53
Ambo's Pride;Mighty Weapon;1H;0;0;12,5;0;0;0;0
Blade of the Warlord;Mighty Weapon;1H;0;0;12,5;0;0;0;0
Bul-Kathos's Solemn Vow;Mighty Weapon;1H;0;0;12,5;0;0;0;0
Bul-Kathos's Warrior Blood;Mighty Weapon;1H;0;0;12,5;0;0;0;0
Dishonored Legacy;Mighty Weapon;1H;0;0;12,5;0;0;0;0
Fjord Cutter;Mighty Weapon;1H;0;0;12,5;0;0;0;0
Oathkeeper;Mighty Weapon;1H;0;0;12,5;0;0;0;0
Remorseless;Mighty Weapon;1H;0;0;12,5;0;0;0;0
Bastion's Revered;Two-Handed Mighty Weapon;2H;0;0;16,67;0;0;0;0
Blade of the Tribes;Two-Handed Mighty Weapon;2H;0;0;16,67;0;0;0;0
Fury of the Vanished Peak;Two-Handed Mighty Weapon;2H;0;0;16,67;0;0;0;0
Immortal King's Boulder Breaker;Two-Handed Mighty Weapon;2H;0;0;16,67;0;0;0;0
Madawc's Sorrow;Two-Handed Mighty Weapon;2H;0;0;16,67;0;0;0;0
The Gavel of Judgment;Two-Handed Mighty Weapon;2H;0;0;16,67;0;0;0;0
Gazing Demise;Mojo;Mojo;0;0;0;0;0;11,43;0
Henri's Perquisition;Mojo;Mojo;0;0;0;0;0;5,71;0
Homunculus;Mojo;Mojo;0;0;0;0;0;11,43;0
Manajuma's Gory Fetch;Mojo;Mojo;0;0;0;0;0;11,43;0
Shukrani's Triumph;Mojo;Mojo;0;0;0;0;0;2,86;0
Thing of the Deep;Mojo;Mojo;0;0;0;0;0;11,43;0
Uhkapian Serpent;Mojo;Mojo;0;0;0;0;0;11,43;0
Vile Hive;Mojo;Mojo;0;0;0;0;0;11,43;0
Wilken's Reach;Mojo;Mojo;0;0;0;0;0;11,43;0
Zunimassa's String of Skulls;Mojo;Mojo;0;0;0;0;0;11,43;0
Chantodo's Force;Source;Orb;0;0;0;0;10,81;0;0
Etched Sigil;Source;Orb;0;0;0;0;10,81;0;0
Firebird's Eye;Source;Orb;0;0;0;0;10,81;0;0
Light of Grace;Source;Orb;0;0;0;0;5,41;0;0
Mirrorball;Source;Orb;0;0;0;0;5,41;0;0
Myken's Ball of Hate;Source;Orb;0;0;0;0;5,41;0;0
Orb of Infinite Depth;Source;Orb;0;0;0;0;10,81;0;0
Primordial Soul;Source;Orb;0;0;0;0;10,81;0;0
Tal Rasha's Unwavering Glare;Source;Orb;0;0;0;0;10,81;0;0
The Oculus;Source;Orb;0;0;0;0;5,41;0;0
Triumvirate;Source;Orb;0;0;0;0;10,81;0;0
Winter Flurry;Source;Orb;0;0;0;0;2,7;0;0
Bone Ringer;Phylacteries;NecromancerOffhand;0;0;0;0;0;0;14,29
Iron Rose;Phylacteries;NecromancerOffhand;0;0;0;0;0;0;28,57
Leger's Disdain;Phylacteries;NecromancerOffhand;0;0;0;0;0;0;28,57
Lost Time;Phylacteries;NecromancerOffhand;0;0;0;0;0;0;28,57
Bovine Bardiche;Polearm;2H;0;28,57;28,57;40;0;0;0
Heart Slaughter;Polearm;2H;0;14,29;14,29;20;0;33,33;0
Pledge of Caldeum;Polearm;2H;0;28,57;28,57;40;0;66,67;0
Standoff;Polearm;2H;0;0;28,57;0;0;0;0
Vigilance;Polearm;2H;0;28,57;0;0;0;0;0
Augustine's Panacea;Quiver;Quiver;11,43;0;0;0;0;0;0
Bombadier's Rucksack;Quiver;Quiver;11,43;0;0;0;0;0;0
Dead Man's Legacy;Quiver;Quiver;11,43;0;0;0;0;0;0
Emimei's Duffel;Quiver;Quiver;11,43;0;0;0;0;0;0
Fletcher's Pride;Quiver;Quiver;11,43;0;0;0;0;0;0
Holy Point Shot;Quiver;Quiver;8,57;0;0;0;0;0;0
Sin Seekers;Quiver;Quiver;11,43;0;0;0;0;0;0
Spines of Seething Hatred;Quiver;Quiver;11,43;0;0;0;0;0;0
The Ninth Cirri Satchel;Quiver;Quiver;11,43;0;0;0;0;0;0
Arcstone;Ring;Ring;2,41;2,63;2,47;2,6;2,35;2,2;2,33
Band of Hollow Whispers;Ring;Ring;4,82;5,26;4,94;5,19;4,71;4,4;4,65
Band of Might;Ring;Ring;0;0;4,94;0;0;0;0
Band of the Rue Chambers;Ring;Ring;0;1,32;0;0;0;0;0
Briggs' Wrath;Ring;Ring;0;0;0;0;0;0;1,16
Broken Promises;Ring;Ring;4,82;5,26;4,94;5,19;4,71;4,4;4,65
Bul-Kathos's Wedding Band;Ring;Ring;4,82;5,26;4,94;5,19;4,71;4,4;4,65
Circle of Nailuj's Evol;Ring;Ring;0;0;0;0;0;0;2,33
Convention of Elements;Ring;Ring;4,82;5,26;4,94;5,19;4,71;4,4;4,65
Elusive Ring;Ring;Ring;4,82;0;0;0;0;0;0
Eternal Union;Ring;Ring;0;0;0;2,6;0;0;0
Focus;Ring;Ring;4,82;5,26;4,94;5,19;4,71;4,4;4,65
Halo of Arlyse;Ring;Ring;0;0;0;0;4,71;0;0
Halo of Karini;Ring;Ring;0;0;0;0;2,35;0;0
Justice Lantern;Ring;Ring;4,82;5,26;4,94;5,19;4,71;4,4;4,65
Krede's Flame;Ring;Ring;2,41;2,63;2,47;2,6;2,35;2,2;2,33
Krysbin's Sentence;Ring;Ring;0;0;0;0;0;0;4,65
Leoric's Signet;Ring;Ring;4,82;5,26;4,94;5,19;4,71;4,4;4,65
Litany of the Undaunted;Ring;Ring;4,82;5,26;4,94;5,19;4,71;4,4;4,65
Lornelle's Sunstone;Ring;Ring;0;0;0;0;0;0;4,65
Manald Heal;Ring;Ring;0;0;0;0;4,71;0;0
Nagelring;Ring;Ring;4,82;5,26;4,94;5,19;4,71;4,4;4,65
Natalya's Reflection;Ring;Ring;4,82;0;0;0;0;0;0
Obsidian Ring of the Zodiac;Ring;Ring;4,82;5,26;4,94;5,19;4,71;4,4;4,65
Oculus Ring;Ring;Ring;4,82;5,26;4,94;5,19;4,71;4,4;4,65
Puzzle Ring;Ring;Ring;4,82;5,26;4,94;5,19;4,71;4,4;4,65
Rechel's Ring of Larceny;Ring;Ring;1,2;1,32;1,23;1,3;1,18;1,1;1,16
Restraint;Ring;Ring;4,82;5,26;4,94;5,19;4,71;4,4;4,65
Ring of Emptiness;Ring;Ring;0;0;0;0;0;4,4;0
Rogar's Huge Stone;Ring;Ring;4,82;5,26;4,94;5,19;4,71;4,4;4,65
Skull Grasp;Ring;Ring;0;0;2,47;0;0;0;0
Stone of Jordan;Ring;Ring;2,41;2,63;2,47;2,6;2,35;2,2;2,33
The Compass Rose;Ring;Ring;4,82;5,26;4,94;5,19;4,71;4,4;4,65
The Short Man's Finger;Ring;Ring;0;0;0;0;0;4,4;0
The Tall Man's Finger;Ring;Ring;0;0;0;0;0;4,4;0
The Wailing Host;Ring;Ring;4,82;5,26;4,94;5,19;4,71;4,4;4,65
Unity;Ring;Ring;2,41;2,63;2,47;2,6;2,35;2,2;2,33
Wyrdward;Ring;Ring;2,41;2,63;2,47;2,6;2,35;2,2;2,33
Zunimassa's Pox;Ring;Ring;0;0;0;0;0;4,4;0
Funerary Pick;Scythe;1H;0;0;0;0;0;0;25
Jesseth Skullscythe;Scythe;1H;0;0;0;0;0;0;25
Scythe of the Cycle;Scythe;1H;0;0;0;0;0;0;25
Trag'Oul's Corroded Fang;Scythe;1H;0;0;0;0;0;0;25
Bloodtide Blade;Two-Handed Scythe;2H;0;0;0;0;0;0;25
Maltorius' Petrified Spike;Two-Handed Scythe;2H;0;0;0;0;0;0;25
Nayr's Black Death;Two-Handed Scythe;2H;0;0;0;0;0;0;25
Reilena's Shadowhook;Two-Handed Scythe;2H;0;0;0;0;0;0;25
Defender of Westmarch;Shield;Shield;0;0;0;15,38;0;0;0
Denial;Shield;Shield;0;0;0;15,38;0;0;0
Eberli Charo;Shield;Shield;0;0;0;7,69;0;0;0
Freeze of Deflection;Shield;Shield;0;25;25;7,69;25;25;16,67
Ivory Tower;Shield;Shield;0;0;0;15,38;0;0;0
Jesseth Skullshield;Shield;Shield;0;0;0;0;0;0;33,33
Lidless Wall;Shield;Shield;0;50;50;15,38;50;50;33,33
Stormshield;Shield;Shield;0;25;25;7,69;25;25;16,67
Vo'Toyias Spiker;Shield;Shield;0;0;0;15,38;0;0;0
Arachyr's Mantle;Shoulders;Shoulders;0;0;0;0;0;14,29;0
Burden of the Invoker;Shoulders;Shoulders;0;0;0;14,29;0;0;0
Corpsewhisper Pauldrons;Shoulders;Shoulders;0;0;0;0;0;0;7,69
Dashing Pauldrons of Despair (Delsere's Magnum Opus);Shoulders;Shoulders;0;0;0;0;14,29;0;0
Death Watch Mantle;Shoulders;Shoulders;14,29;12,5;11,76;14,29;14,29;14,29;10,26
Firebird's Pinions;Shoulders;Shoulders;0;0;0;0;14,29;0;0
Fury of the Ancients;Shoulders;Shoulders;0;0;11,76;0;0;0;0
Helltooth Mantle;Shoulders;Shoulders;0;0;0;0;0;14,29;0
Homing Pads;Shoulders;Shoulders;14,29;12,5;11,76;14,29;14,29;14,29;10,26
Inarius's Martyrdom;Shoulders;Shoulders;0;0;0;0;0;0;10,26
Jade Harvester's Joy;Shoulders;Shoulders;0;0;0;0;0;14,29;0
Lefebvre's Soliloquy;Shoulders;Shoulders;0;12,5;0;0;0;0;0
Mantle of Channeling;Shoulders;Shoulders;14,29;12,5;11,76;0;14,29;14,29;10,26
Mantle of the Upside-Down Sinners (Raiment of a Thousand Storms);Shoulders;Shoulders;0;12,5;0;0;0;0;0
Marauder's Spines;Shoulders;Shoulders;14,29;0;0;0;0;0;0
Mountain of the Light;Shoulders;Shoulders;0;0;0;14,29;0;0;0
Pauldrons of Akkhan;Shoulders;Shoulders;0;0;0;14,29;0;0;0
Pauldrons of the Wastes;Shoulders;Shoulders;0;0;11,76;0;0;0;0
Pestilence Defense;Shoulders;Shoulders;0;0;0;0;0;0;10,26
Raekor's Burden;Shoulders;Shoulders;0;0;11,76;0;0;0;0
Rathma's Spikes;Shoulders;Shoulders;0;0;0;0;0;0;10,26
Razeth's Volition;Shoulders;Shoulders;0;0;0;0;0;0;10,26
Roland's Mantle;Shoulders;Shoulders;0;0;0;14,29;0;0;0
Spaulders of Zakara;Shoulders;Shoulders;14,29;12,5;11,76;14,29;14,29;14,29;10,26
Spires of the Earth;Shoulders;Shoulders;0;0;11,76;0;0;0;0
Sunwuko's Balance;Shoulders;Shoulders;0;12,5;0;0;0;0;0
The Shadow's Burden;Shoulders;Shoulders;14,29;0;0;0;0;0;0
Trag'Oul's Heart;Shoulders;Shoulders;0;0;0;0;0;0;10,26
Uliana's Strength;Shoulders;Shoulders;0;12,5;0;0;0;0;0
Unsanctified Shoulders (Unhallowed Essence);Shoulders;Shoulders;14,29;0;0;0;0;0;0
Vile Ward;Shoulders;Shoulders;0;0;5,88;0;0;0;0
Vyr's Proud Pauldrons;Shoulders;Shoulders;0;0;0;0;14,29;0;0
Akanesh, the Herald of Righteousness;Spear;1H;0;50;0;50;0;0;0
Arreat's Law;Spear;1H;0;0;33,33;0;0;0;0
Empyrean Messenger;Spear;1H;0;50;33,33;50;100;50;50
Scrimshaw;Spear;1H;0;0;0;0;0;50;0
Spear of Jairo;Spear;1H;0;0;0;0;0;0;50
The Three Hundredth Spear;Spear;1H;0;0;33,33;0;0;0;0
Bezoar Stone;Spirit Stone;Helm;0;10,26;0;0;0;0;0
Erlang Shen;Spirit Stone;Helm;0;10,26;0;0;0;0;0
Eye of Peshkov;Spirit Stone;Helm;0;5,13;0;0;0;0;0
Gyana Na Kashu;Spirit Stone;Helm;0;10,26;0;0;0;0;0
Inna's Radiance;Spirit Stone;Helm;0;10,26;0;0;0;0;0
Kekegi's Unbreakable Spirit;Spirit Stone;Helm;0;5,13;0;0;0;0;0
Madstone;Spirit Stone;Helm;0;2,56;0;0;0;0;0
See No Evil;Spirit Stone;Helm;0;10,26;0;0;0;0;0
The Eye of the Storm;Spirit Stone;Helm;0;10,26;0;0;0;0;0
The Laws of Seph;Spirit Stone;Helm;0;5,13;0;0;0;0;0
The Mind's Eye;Spirit Stone;Helm;0;10,26;0;0;0;0;0
Tzo Krin's Gaze;Spirit Stone;Helm;0;10,26;0;0;0;0;0
Ahavarion, Spear of Lycander;Staff;2H;0;14,29;0;0;9,09;7,69;14,29
Maloth's Focus;Staff;2H;0;28,57;0;0;18,18;15,38;28,57
Staff of Chiroptera;Staff;2H;0;0;0;0;0;15,38;0
SuWong Diviner;Staff;2H;0;0;0;0;0;15,38;0
The Broken Staff;Staff;2H;0;28,57;0;0;18,18;15,38;28,57
The Grand Vizier;Staff;2H;0;0;0;0;9,09;0;0
The Smoldering Core;Staff;2H;0;0;0;0;9,09;0;0
The Tormentor;Staff;2H;0;28,57;0;0;18,18;15,38;28,57
Valthek's Rebuke;Staff;2H;0;0;0;0;18,18;0;0
Wormwood;Staff;2H;0;0;0;0;0;15,38;0
Azurewrath;Sword;1H;0;8,33;8,7;0;8;10;9,52
Deathwish;Sword;1H;0;0;0;0;8;0;0
Devil Tongue;Sword;1H;0;8,33;8,7;9,52;8;10;9,52
Doombringer;Sword;1H;0;4,17;4,35;4,76;0;5;0
Exarian;Sword;1H;0;8,33;8,7;9,52;8;10;9,52
Fulminator;Sword;1H;36,36;8,33;8,7;9,52;8;0;9,52
Gift of Silaria;Sword;1H;0;8,33;8,7;9,52;8;10;9,52
In-geom;Sword;1H;0;4,17;4,35;4,76;4;5;4,76
Little Rogue;Sword;1H;0;2,08;2,17;0;0;0;0
Monster Hunter;Sword;1H;0;8,33;8,7;9,52;8;10;9,52
Rimeheart;Sword;1H;0;2,08;2,17;2,38;2;2,5;2,38
Sever;Sword;1H;0;8,33;8,7;9,52;8;10;9,52
Shard of Hate;Sword;1H;9,09;2,08;2,17;2,38;2;2,5;2,38
Skycutter;Sword;1H;0;4,17;0;4,76;0;0;0
Sword of Ill Will;Sword;1H;36,36;0;0;0;0;0;0
The Ancient Bonesaber of Zumakalis;Sword;1H;0;8,33;8,7;9,52;8;10;9,52
The Slanderer;Sword;1H;0;2,08;2,17;0;0;0;0
The Twisted Sword;Sword;1H;0;0;0;0;8;0;0
Thunderfury, Blessed Blade of the Windseeker;Sword;1H;18,18;4,17;4,35;4,76;4;5;4,76
Wildwood;Sword;1H;0;8,33;8,7;9,52;8;10;9,52
Blackguard;Two-Handed Sword;2H;0;11,43;11,43;8,89;12,9;12,9;12,9
Blade of Prophecy;Two-Handed Sword;2H;0;0;0;8,89;0;0;0
Blood Brother;Two-Handed Sword;2H;0;5,71;5,71;4,44;6,45;6,45;6,45
Cam's Rebuttal;Two-Handed Sword;2H;0;0;0;4,44;0;0;0
Corrupted Ashbringer;Two-Handed Sword;2H;0;2,86;2,86;2,22;3,23;3,23;3,23
Faithful Memory;Two-Handed Sword;2H;0;0;0;8,89;0;0;0
Maximus;Two-Handed Sword;2H;0;11,43;11,43;8,89;12,9;12,9;12,9
Scourge;Two-Handed Sword;2H;0;11,43;11,43;8,89;12,9;12,9;12,9
Stalgard's Decimator;Two-Handed Sword;2H;0;11,43;11,43;8,89;0;0;0
The Grandfather;Two-Handed Sword;2H;0;11,43;11,43;8,89;12,9;12,9;12,9
The Sultan of Blinding Sand;Two-Handed Sword;2H;0;11,43;11,43;8,89;12,9;12,9;12,9
The Zweihander;Two-Handed Sword;2H;0;11,43;11,43;8,89;12,9;12,9;12,9
Warmonger;Two-Handed Sword;2H;0;11,43;11,43;8,89;12,9;12,9;12,9
Carnevil;Voodoo Mask;Helm;0;0;0;0;0;9,09;0
Mask of Jeram;Voodoo Mask;Helm;0;0;0;0;0;9,09;0
Quetzalcoatl;Voodoo Mask;Helm;0;0;0;0;0;9,09;0
Split Tusk;Voodoo Mask;Helm;0;0;0;0;0;18,18;0
The Grin Reaper;Voodoo Mask;Helm;0;0;0;0;0;18,18;0
Tiklandian Visage;Voodoo Mask;Helm;0;0;0;0;0;9,09;0
Visage of Giyua;Voodoo Mask;Helm;0;0;0;0;0;9,09;0
Zunimassa's Vision;Voodoo Mask;Helm;0;0;0;0;0;18,18;0
Aether Walker;Wand;1H;0;0;0;0;6,06;0;0
Blackhand Key;Wand;1H;0;0;0;0;12,12;0;0
Chantodo's Will;Wand;1H;0;0;0;0;12,12;0;0
Fragment of Destiny;Wand;1H;0;0;0;0;12,12;0;0
Gesture of Orpheus;Wand;1H;0;0;0;0;12,12;0;0
Serpent's Sparker;Wand;1H;0;0;0;0;6,06;0;0
Slorak's Madness;Wand;1H;0;0;0;0;12,12;0;0
Starfire;Wand;1H;0;0;0;0;12,12;0;0
Unstable Scepter;Wand;1H;0;0;0;0;12,12;0;0
Wand of Woh;Wand;1H;0;0;0;0;3,03;0;0
Archmage's Vicalyke;Wizard Hat;Helm;0;0;0;0;19,05;0;0
Crown of the Primus;Wizard Hat;Helm;0;0;0;0;19,05;0;0
Dark Mage's Shade;Wizard Hat;Helm;0;0;0;0;9,52;0;0
Storm Crow;Wizard Hat;Helm;0;0;0;0;19,05;0;0
The Magistrate;Wizard Hat;Helm;0;0;0;0;9,52;0;0
The Swami;Wizard Hat;Helm;0;0;0;0;19,05;0;0
Velvet Camaral;Wizard Hat;Helm;0;0;0;0;4,76;0;0
